JOB ID,Type,Feature 1,Feature 2,Feature 3,Feature 4,Feature 5,Processor,Priority,run_time,job_start_time
H30005,H,297.5,309.3,1525,41.7,235,cpu0,5,16,0
M15387,M,297.6,309.6,1592,35.8,57,cpu0,8,9,3
L48083,L,295.7,306.2,2270,14.6,149,cpu2,8,17,15
M15252,M,297.6,308.5,1490,43.4,154,cpu0,0,18,16
L47249,L,298.9,309.0,1410,65.7,191,cpu2,2,6,28
L51427,L,302.6,311.0,1369,60.0,93,cpu1,5,12,40
M15675,M,296.8,307.5,1516,36.7,135,cpu0,4,4,43
M15645,M,296.9,308.0,1497,44.8,57,cpu0,7,21,51
M15211,M,297.6,308.4,1611,31.0,48,cpu0,6,15,54
L51318,L,301.7,310.2,1311,57.4,40,cpu1,4,8,61
L48145,L,295.8,306.6,1508,46.5,99,cpu0,7,5,74
H29776,H,297.6,308.3,1640,30.9,79,cpu0,4,24,88
L49682,L,299.2,309.0,1515,48.9,228,cpu3,0,20,101
L51182,L,302.1,311.2,1454,59.2,153,cpu2,5,16,106
H30281,H,295.9,306.5,1594,33.2,55,cpu0,4,21,118
L47398,L,298.3,308.6,1447,38.1,146,cpu0,5,16,122
L47493,L,298.0,308.6,1313,50.8,170,cpu0,1,12,124
L47319,L,298.8,308.6,1268,55.8,155,cpu0,5,18,127
L47295,L,298.8,308.6,1431,45.7,97,cpu0,9,17,141
L47434,L,298.0,308.2,1514,37.9,9,cpu0,8,20,156
L47595,L,297.5,308.4,1511,42.8,209,cpu0,6,10,166
L51655,L,302.7,310.5,1351,41.8,10,cpu1,3,16,168
L47722,L,297.5,309.4,1803,24.7,98,cpu0,1,6,185
L47598,L,297.4,308.4,2151,17.7,0,cpu0,0,18,190
M19221,M,302.1,310.1,1379,48.2,166,cpu1,7,6,196
L52914,L,302.3,311.8,1369,56.2,208,cpu3,3,24,204
L55379,L,299.2,310.7,1737,27.0,225,cpu4,4,7,221
M19213,M,302.0,309.7,1386,62.7,142,cpu2,3,4,237
L51391,L,302.1,310.7,1314,52.8,8,cpu1,6,7,241
M15174,M,297.9,308.5,1300,53.0,172,cpu0,4,10,249
L47618,L,297.4,308.4,1341,52.2,49,cpu0,3,20,264
L47839,L,297.6,309.1,1449,49.1,174,cpu0,2,22,266
L51580,L,302.3,310.1,1353,50.9,36,cpu1,1,16,280
M15711,M,296.2,307.2,1389,48.6,7,cpu0,7,13,295
L47594,L,297.4,308.4,1588,32.5,207,cpu0,3,13,298
M15120,M,298.2,308.3,1522,49.1,22,cpu0,3,9,312
L47422,L,298.0,308.2,1348,58.8,202,cpu3,5,7,318
L49255,L,299.5,309.4,1390,58.8,195,cpu3,1,25,332
L51212,L,302.0,310.8,1383,50.3,231,cpu3,5,5,335
H30006,H,297.5,309.5,1668,27.9,240,cpu0,4,24,348
M15434,M,297.9,310.0,1439,41.7,185,cpu0,3,6,361
M15163,M,297.8,308.4,1479,43.5,143,cpu0,7,8,376
L47784,L,297.9,309.9,1542,33.8,33,cpu0,5,21,392
M15049,M,298.3,308.4,1539,43.4,69,cpu0,5,1,398
L47615,L,297.4,308.3,1493,41.2,43,cpu0,2,9,402
L47947,L,296.9,308.0,1546,31.1,11,cpu0,6,4,414
H29885,H,297.3,308.8,1419,42.4,139,cpu0,5,13,426
H29441,H,299.1,309.4,1811,24.6,77,cpu0,0,24,435
M15429,M,297.7,309.6,1596,35.2,173,cpu0,4,18,441
L48043,L,296.0,306.7,1416,44.2,46,cpu0,2,18,456
L47206,L,299.1,309.5,1512,39.0,75,cpu0,6,15,469
M14952,M,298.9,308.9,1727,27.1,37,cpu0,8,10,470
L53271,L,300.9,310.7,1412,57.5,16,cpu5,5,15,487
M15237,M,297.4,308.2,1424,53.9,120,cpu0,9,6,504
L50038,L,300.5,309.3,1417,51.5,231,cpu3,2,5,522
L48065,L,295.7,306.2,1397,52.0,101,cpu0,0,21,540
H33665,H,302.5,310.9,1356,55.5,101,cpu1,4,8,546
H29680,H,298.0,308.1,1440,43.7,37,cpu0,2,21,564
L47242,L,298.8,309.0,1829,22.9,172,cpu0,7,13,571
M15267,M,297.4,308.5,1600,42.1,190,cpu0,9,3,578
L47351,L,298.2,308.1,1462,50.8,27,cpu0,8,21,589
H29595,H,298.2,308.3,1824,24.2,49,cpu0,5,17,596
M15288,M,297.6,308.6,1595,36.9,25,cpu0,4,25,614
L47893,L,297.4,308.6,1439,46.4,114,cpu0,4,19,616
M14921,M,298.8,309.0,1592,38.2,169,cpu0,0,4,624
L54347,L,300.3,310.3,1362,60.3,206,cpu3,4,8,629
L56673,L,299.1,309.8,1398,55.4,217,cpu3,1,17,634
M15111,M,298.0,308.2,1466,42.6,2,cpu0,8,1,636
M14926,M,298.9,308.9,1679,28.7,181,cpu0,0,2,651
L48599,L,298.7,309.8,1354,53.3,212,cpu3,5,3,665
M14967,M,298.8,308.8,1497,46.8,72,cpu0,4,20,675
M15421,M,297.5,309.4,1678,34.4,148,cpu0,0,22,678
L47472,L,298.1,308.4,1335,40.2,109,cpu0,7,21,687
H30113,H,297.5,308.7,1416,39.2,74,cpu0,6,20,689
L54668,L,300.3,311.7,1545,43.5,160,cpu5,2,16,704
L47887,L,297.7,308.9,1838,27.3,99,cpu0,6,13,709
L47194,L,298.6,309.2,2035,19.6,40,cpu0,8,16,718
M15142,M,298.1,308.1,1390,49.8,85,cpu0,0,16,732
L48089,L,295.5,306.0,1456,39.2,167,cpu0,0,18,747
M15138,M,298.0,308.0,1620,29.4,75,cpu0,3,4,765
L47664,L,297.4,309.0,1568,33.7,175,cpu0,2,14,771
L48265,L,297.0,307.8,1385,56.4,202,cpu3,2,6,786
M15782,M,295.5,305.9,1380,52.4,202,cpu0,5,11,796
M18980,M,302.1,310.7,1376,46.3,210,cpu1,9,14,806
L47441,L,298.1,308.2,1654,32.1,25,cpu0,3,11,814
L47438,L,298.1,308.2,1482,37.9,17,cpu0,2,5,824
L51716,L,302.4,310.2,1351,45.1,168,cpu1,3,14,825
M14918,M,298.8,309.0,1661,29.5,162,cpu0,2,21,842
L48030,L,296.3,307.3,1567,31.4,5,cpu0,4,15,854
L55206,L,300.7,311.9,1399,50.2,222,cpu3,9,3,861
L56594,L,298.1,308.6,1354,53.9,207,cpu3,2,20,863
M15560,M,297.6,308.8,1683,31.6,79,cpu0,4,9,876
L47873,L,297.7,309.1,1477,38.3,60,cpu0,1,23,878
M14884,M,299.0,309.4,1561,37.3,70,cpu0,8,5,887
H29425,H,298.6,309.1,1423,44.3,29,cpu0,0,23,888
L47996,L,296.8,307.6,1434,48.3,138,cpu0,1,17,893
L51364,L,302.2,310.6,1334,53.2,159,cpu1,0,23,908
L47932,L,296.9,308.1,1422,48.7,215,cpu0,2,5,910
L47566,L,297.6,308.7,1319,50.9,141,cpu0,9,3,925
L47495,L,297.9,308.4,1646,40.6,175,cpu0,1,23,940
H29702,H,298.2,308.4,1385,42.2,98,cpu0,0,11,943
M15361,M,297.6,309.3,1464,46.2,218,cpu0,8,25,948
L48077,L,295.6,306.2,1612,31.2,131,cpu0,3,21,956
H33279,H,302.6,311.5,1629,34.4,228,cpu4,3,2,973
L48130,L,295.6,306.2,1424,42.5,58,cpu0,5,24,983
L47966,L,296.9,308.1,1741,28.8,60,cpu0,6,25,998
L47236,L,298.8,309.1,1477,42.4,158,cpu0,1,4,1002
H30335,H,295.5,305.9,1593,37.2,197,cpu0,4,5,1006
M15795,M,295.5,306.0,1641,36.6,21,cpu0,1,10,1022
M15159,M,297.8,308.3,1567,35.6,131,cpu0,8,13,1034
L47714,L,297.5,309.3,1623,33.4,74,cpu0,1,1,1046
M15184,M,297.8,308.5,1488,41.9,196,cpu0,5,6,1053
L47795,L,298.1,309.9,1642,30.4,58,cpu0,6,18,1068
H29767,H,297.5,308.3,1674,30.0,54,cpu0,1,24,1085
M23167,M,298.7,310.1,1402,69.7,64,cpu2,7,14,1099
H32866,H,301.6,310.5,1602,32.3,2,cpu5,5,16,1103
L47663,L,297.4,309.0,1324,56.9,173,cpu0,2,7,1115
M15771,M,295.6,306.1,1490,42.7,171,cpu0,2,20,1123
L47560,L,297.5,308.3,2564,12.8,127,cpu2,5,19,1124
L51750,L,302.8,310.9,1312,52.2,40,cpu1,9,20,1131
L47990,L,296.9,307.7,1550,39.7,124,cpu0,3,4,1146
L47501,L,297.8,308.4,1518,32.5,190,cpu0,8,15,1160
L47284,L,298.8,308.7,1450,43.4,66,cpu0,3,9,1164
L47738,L,297.5,309.4,1650,34.6,142,cpu0,8,23,1165
M19393,M,302.4,310.3,1375,52.5,161,cpu1,2,23,1168
H34813,H,302.8,312.4,1411,53.8,246,cpu3,5,24,1169
L55617,L,298.7,309.8,1181,65.9,203,cpu3,4,12,1183
M19013,M,302.0,310.4,1212,55.6,79,cpu1,8,7,1185
L47320,L,298.8,308.6,1511,36.1,157,cpu0,3,14,1194
L54267,L,300.6,310.3,1648,30.5,217,cpu4,6,16,1211
M15728,M,295.8,306.5,1514,37.7,60,cpu0,7,21,1220
M23105,M,299.0,310.3,1303,68.6,111,cpu2,3,2,1229
M15803,M,295.6,306.2,1477,45.0,40,cpu0,6,15,1230
M21400,M,301.4,310.7,1368,63.7,92,cpu2,6,20,1233
L49674,L,299.1,308.8,1329,53.6,207,cpu3,5,2,1237
L47679,L,297.5,309.1,1515,35.1,213,cpu0,5,25,1246
L48013,L,296.6,307.4,1616,28.0,175,cpu0,7,11,1252
H29500,H,299.0,309.0,1436,43.9,20,cpu0,3,1,1258
M19030,M,302.2,310.6,1355,51.5,126,cpu1,4,13,1260
L47898,L,297.5,308.8,1477,39.0,127,cpu0,7,24,1276
L47221,L,298.8,309.1,1368,50.8,115,cpu0,6,15,1290
H29865,H,297.5,308.6,1440,46.1,84,cpu0,3,16,1305
M15521,M,297.6,309.0,1427,45.6,179,cpu0,7,15,1322
M15030,M,298.4,308.2,1610,35.0,24,cpu0,4,16,1338
L47678,L,297.5,309.1,1611,30.2,211,cpu0,0,7,1352
L47816,L,298.3,309.9,1463,43.9,116,cpu0,6,24,1367
L47592,L,297.5,308.6,1388,48.2,203,cpu0,5,21,1383
H29691,H,298.0,308.0,1479,50.7,70,cpu0,2,16,1392
L48028,L,296.3,307.4,1465,47.1,215,cpu0,6,12,1394
L51429,L,302.5,310.9,1330,56.9,97,cpu1,8,14,1412
L48133,L,295.5,306.1,1650,32.8,67,cpu0,1,25,1414
L51822,L,303.2,311.4,1238,54.6,226,cpu1,6,9,1425
M15611,M,296.8,308.1,1843,24.2,212,cpu0,4,17,1428
M15363,M,297.6,309.2,1442,48.1,0,cpu0,3,15,1443
H30011,H,297.6,309.6,1428,46.6,13,cpu0,7,22,1449
L47391,L,298.5,308.7,1575,33.9,128,cpu0,3,9,1467
L47762,L,297.8,309.7,1341,49.2,208,cpu0,3,1,1472
M15364,M,297.6,309.3,1529,41.9,3,cpu0,9,17,1476
L47503,L,297.8,308.5,1561,46.3,194,cpu0,9,14,1486
M14882,M,298.9,309.3,1581,30.7,65,cpu0,7,15,1488
H29884,H,297.3,308.8,1499,44.2,134,cpu0,3,2,1498
M15984,M,296.7,307.8,1258,69.0,105,cpu2,4,16,1500
L47413,L,298.2,308.4,1512,34.9,181,cpu0,0,21,1504
M15557,M,297.6,308.8,1453,39.7,69,cpu0,7,24,1515
L48689,L,298.0,308.5,1429,37.7,220,cpu4,7,9,1526
L47728,L,297.4,309.3,1332,53.2,115,cpu0,9,24,1543
M15768,M,295.5,306.1,1822,24.3,164,cpu0,7,12,1555
L52886,L,302.4,311.9,1290,70.0,139,cpu2,5,5,1568
M15838,M,296.2,306.8,1526,42.3,129,cpu0,7,15,1574
L47274,L,299.0,308.9,1622,31.9,42,cpu0,6,21,1575
M14955,M,299.0,309.0,1351,52.2,44,cpu0,6,10,1588
M15649,M,296.9,308.0,1641,33.3,67,cpu0,4,21,1593
L47477,L,298.0,308.5,1713,25.3,124,cpu0,3,14,1607
L47948,L,296.9,308.0,1713,29.3,13,cpu0,2,4,1621
H30402,H,296.3,307.1,1774,25.9,154,cpu0,1,4,1639
M15766,M,295.6,306.1,1462,49.2,158,cpu0,4,17,1643
L51996,L,303.4,312.0,1521,35.9,215,cpu4,3,17,1652
L51615,L,302.3,310.1,1321,52.7,134,cpu1,6,11,1667
L47809,L,298.3,310.1,1523,45.9,99,cpu0,3,18,1668
L47411,L,298.3,308.4,1408,43.1,177,cpu0,6,21,1669
L48514,L,299.0,310.4,1365,49.1,226,cpu3,4,10,1674
L47390,L,298.4,308.7,1523,36.1,126,cpu0,8,12,1692
M15440,M,297.8,309.8,1798,25.5,203,cpu0,2,13,1706
H30252,H,296.6,307.4,1406,41.5,189,cpu0,5,4,1714
L47273,L,299.1,309.0,1450,43.0,40,cpu0,1,25,1729
L47339,L,298.4,308.2,1471,47.0,214,cpu0,9,13,1747
M23874,M,297.2,308.1,1340,61.3,207,cpu3,3,25,1761
H29909,H,297.5,309.3,1459,49.7,201,cpu0,4,22,1776
L53677,L,300.8,309.9,1312,65.3,192,cpu3,4,15,1787
L47837,L,297.7,309.2,1365,58.6,170,cpu0,2,23,1803
H34192,H,303.6,312.2,1371,54.6,112,cpu1,1,7,1821
L47752,L,297.8,309.9,1351,49.0,181,cpu0,1,8,1836
L48001,L,296.7,307.6,1474,41.7,148,cpu0,4,25,1854
M15104,M,298.0,308.2,1395,49.1,206,cpu0,4,8,1869
L47360,L,298.2,308.3,1475,49.9,47,cpu0,9,7,1875
L47342,L,298.3,308.1,1586,35.5,0,cpu0,5,1,1879
L47857,L,297.9,309.2,1478,39.7,10,cpu0,0,5,1891
M15870,M,296.2,307.2,1552,34.8,8,cpu0,7,7,1901
M15230,M,297.5,308.3,1622,37.2,103,cpu0,8,22,1913
L47217,L,298.8,309.1,1439,39.2,104,cpu0,8,10,1928
L47253,L,299.0,309.1,1592,35.0,200,cpu0,9,17,1933
L47885,L,297.7,309.0,1507,38.2,94,cpu0,2,8,1946
L47806,L,298.4,310.1,1533,35.2,92,cpu0,4,23,1960
H29949,H,297.4,309.3,1365,52.4,76,cpu0,8,23,1961
L47639,L,297.4,308.6,1476,42.3,107,cpu0,9,18,1973
L48162,L,296.2,306.9,1516,39.1,138,cpu0,1,9,1986
L51251,L,301.9,310.6,1331,68.6,85,cpu2,0,3,1992
L47237,L,298.8,309.1,1513,40.3,160,cpu0,5,1,1993
L47916,L,296.9,308.3,1555,38.2,175,cpu0,8,12,1996
L47187,L,298.1,308.6,1527,40.2,16,cpu0,1,3,2000
L47900,L,297.4,308.9,1809,23.8,131,cpu0,1,23,2013
L47481,L,297.7,308.4,1740,27.1,136,cpu0,9,24,2018
L51506,L,301.6,310.1,1362,55.8,70,cpu1,0,15,2036
M15658,M,296.9,307.8,1828,24.6,91,cpu0,4,25,2048
H30217,H,296.9,307.8,1549,37.8,104,cpu0,6,6,2055
L56833,L,299.0,309.9,1373,55.7,201,cpu3,7,15,2059
L48082,L,295.6,306.1,1383,48.7,147,cpu0,1,11,2063
L47357,L,298.2,308.2,1988,21.4,41,cpu0,5,2,2066
M15767,M,295.6,306.1,1669,29.0,161,cpu0,7,8,2076
L47567,L,297.7,308.7,1249,60.4,143,cpu0,3,3,2084
L47499,L,297.8,308.4,1612,32.1,183,cpu0,3,21,2099
M15382,M,297.5,309.5,1448,43.7,46,cpu0,6,6,2104
L47641,L,297.4,308.7,1402,40.2,114,cpu0,4,17,2111
L47485,L,297.8,308.4,2129,19.2,148,cpu0,0,4,2121
H30001,H,297.6,309.5,1623,33.1,224,cpu0,8,4,2124
M15426,M,297.6,309.7,1541,33.7,165,cpu0,8,14,2138
L48149,L,295.9,306.6,1412,41.0,109,cpu0,9,2,2151
L51299,L,302.1,310.7,1325,45.1,208,cpu1,1,20,2163
L47517,L,297.6,308.3,1742,27.7,13,cpu0,3,14,2171
L47264,L,298.9,308.9,1422,47.6,15,cpu0,9,6,2172
M15212,M,297.6,308.4,1507,46.0,51,cpu0,6,23,2175
L47279,L,298.8,308.8,1523,44.4,55,cpu0,3,25,2184
L47606,L,297.4,308.5,1501,44.9,20,cpu0,4,22,2195
L55537,L,298.5,309.5,1385,46.3,203,cpu4,2,3,2202
L47397,L,298.3,308.5,1664,31.6,144,cpu0,4,20,2215
L47909,L,297.3,308.6,1586,37.7,155,cpu0,6,11,2228
L48160,L,296.1,306.7,1409,42.8,134,cpu0,9,24,2246
M19067,M,302.3,310.9,1710,30.4,218,cpu4,0,12,2264
M15827,M,295.9,306.6,1532,38.6,104,cpu0,6,2,2271
M15858,M,296.4,307.2,2071,19.4,183,cpu0,6,12,2286
L47881,L,297.7,308.8,1515,40.1,82,cpu0,1,22,2299
M15379,M,297.7,309.5,2027,19.8,39,cpu0,3,20,2317
L48135,L,295.6,306.3,1911,20.9,74,cpu0,4,23,2328
L47541,L,297.5,308.3,1596,36.8,77,cpu0,9,6,2344
H30315,H,295.6,306.1,1256,62.3,142,cpu0,5,25,2346
M14973,M,298.8,308.6,1486,41.9,92,cpu0,3,17,2357
L55106,L,300.7,311.9,1335,57.1,194,cpu3,0,11,2362
L47349,L,298.4,308.3,1318,59.1,22,cpu0,1,25,2367
H31096,H,297.9,307.4,1604,36.1,225,cpu4,0,16,2384
L51898,L,303.3,311.6,1337,56.8,187,cpu1,8,17,2387
L47534,L,297.6,308.3,1658,34.3,59,cpu0,5,6,2392
H29522,H,298.9,308.8,1621,32.7,75,cpu0,0,6,2397
L52013,L,303.4,311.9,1377,41.6,34,cpu1,2,13,2398
L48016,L,296.6,307.4,1368,45.1,185,cpu0,3,17,2405
L48676,L,298.0,308.7,1268,69.4,189,cpu2,6,1,2414
M19857,M,303.6,312.8,2659,11.4,26,cpu2,8,20,2431
L47296,L,298.9,308.7,1564,34.1,99,cpu0,7,24,2447
M14896,M,298.9,309.2,1581,36.7,101,cpu0,1,16,2452
H29978,H,297.6,309.6,1669,32.1,155,cpu0,1,11,2459
H29712,H,297.9,308.5,2129,18.7,126,cpu0,1,18,2477
H29891,H,297.4,309.0,1468,41.4,156,cpu0,3,15,2487
M15653,M,296.8,307.9,1683,31.8,76,cpu0,0,8,2505
L47943,L,296.7,307.8,1400,47.5,3,cpu0,7,23,2513
L47611,L,297.5,308.5,1446,41.9,32,cpu0,0,23,2516
L48046,L,295.9,306.6,1678,26.7,53,cpu0,8,6,2531
L47821,L,297.9,309.5,1390,47.9,127,cpu0,0,5,2539
L47340,L,298.4,308.2,1282,60.7,216,cpu3,1,2,2556
L47701,L,297.5,309.4,1497,35.8,44,cpu0,3,14,2568
L48170,L,296.2,307.0,1414,48.3,162,cpu0,4,3,2586
M15412,M,297.4,309.3,1622,35.0,123,cpu0,5,8,2587
M14930,M,298.9,309.0,1924,22.6,193,cpu0,3,13,2602
L50708,L,302.0,310.9,1378,53.1,212,cpu3,6,5,2617
L47924,L,296.7,308.1,1450,40.9,195,cpu0,3,14,2618
H29874,H,297.3,308.6,1431,42.0,109,cpu0,0,12,2626
L51344,L,302.2,310.6,1346,47.5,109,cpu1,1,25,2644
L48025,L,296.3,307.3,1439,41.5,208,cpu0,9,24,2648
L51462,L,301.9,309.9,1374,48.5,180,cpu1,0,18,2655
L47244,L,299.0,309.1,1523,38.6,177,cpu0,7,19,2663
L47688,L,297.7,309.3,1893,24.6,15,cpu0,2,8,2669
L50530,L,301.4,310.8,1285,62.6,183,cpu3,1,18,2681
H30046,H,298.3,310.0,1419,47.1,105,cpu0,5,13,2685
L47929,L,296.6,308.0,1978,22.3,208,cpu0,0,14,2702
M15600,M,296.9,308.4,1450,46.9,186,cpu0,4,11,2703
H33894,H,302.7,310.4,1305,55.2,20,cpu1,1,14,2719
L47593,L,297.4,308.4,1573,34.5,205,cpu0,1,12,2722
M15346,M,297.4,309.1,1582,35.9,180,cpu0,7,20,2729
L49413,L,299.5,308.7,2549,13.0,179,cpu2,9,18,2744
L47844,L,297.5,308.9,1390,47.4,187,cpu0,8,18,2761
L47705,L,297.4,309.4,1466,45.5,53,cpu0,8,17,2773
H29452,H,298.9,309.2,1379,50.7,106,cpu0,6,6,2783
H29571,H,298.4,308.2,1478,43.5,206,cpu0,9,8,2799
L47677,L,297.4,309.0,1505,39.2,209,cpu0,5,11,2802
M15583,M,297.4,308.9,1500,46.3,137,cpu0,1,5,2807
L52164,L,303.8,313.1,1256,58.7,213,cpu3,2,23,2808
L47334,L,298.4,308.2,1528,36.2,196,cpu0,0,17,2814
L47788,L,298.0,309.9,1403,47.7,43,cpu0,1,4,2821
M15516,M,297.7,309.1,1732,28.1,167,cpu0,6,6,2835
L47262,L,298.9,308.9,1453,40.8,11,cpu0,6,10,2847
H29855,H,297.5,308.5,1393,46.6,56,cpu0,7,10,2864
L51214,L,302.0,310.8,1615,29.0,235,cpu4,8,4,2880
M15216,M,297.6,308.4,1398,48.9,63,cpu0,3,21,2887
L47449,L,298.0,308.0,1524,37.0,49,cpu0,8,21,2897
L47693,L,297.4,309.2,1428,38.8,26,cpu0,4,3,2912
L47992,L,296.8,307.6,1338,44.4,128,cpu0,6,11,2929
L47564,L,297.5,308.5,1712,26.8,136,cpu0,2,25,2941
L51585,L,302.4,310.2,1331,45.5,53,cpu1,4,2,2957
M15590,M,297.3,308.6,1471,50.7,157,cpu0,9,17,2972
M15480,M,298.3,310.1,1389,49.6,75,cpu0,5,24,2973
L47668,L,297.4,309.2,1584,42.8,186,cpu0,9,22,2986
H31162,H,298.4,307.7,1626,31.1,166,cpu5,4,25,2989
L47368,L,298.3,308.5,1606,33.6,67,cpu0,1,12,3003
L47476,L,298.0,308.5,1395,46.2,122,cpu0,2,8,3007
M15735,M,295.8,306.3,1444,45.5,76,cpu0,6,10,3011
L47940,L,296.7,307.8,1505,39.4,236,cpu0,7,17,3021
M15774,M,295.4,305.9,1518,40.6,178,cpu0,1,3,3032
L47825,L,297.7,309.4,1392,44.1,140,cpu0,7,2,3033
M15849,M,296.2,307.0,2119,18.3,159,cpu0,4,2,3041
L49195,L,298.5,308.2,1301,66.3,42,cpu2,2,12,3044
L47402,L,298.4,308.6,1304,45.0,158,cpu0,9,24,3052
L47773,L,297.5,309.6,1312,50.7,0,cpu0,7,3,3065
H29457,H,298.8,309.2,1372,48.5,120,cpu0,6,4,3068
L48138,L,295.8,306.4,1399,47.6,84,cpu0,2,11,3074
M15280,M,297.3,308.3,1301,39.6,5,cpu0,4,1,3080
M19033,M,302.2,310.6,1346,49.2,134,cpu1,1,5,3094
L47761,L,297.8,309.7,1394,42.9,206,cpu0,7,7,3107
L47354,L,298.2,308.1,1306,58.3,35,cpu0,8,1,3116
M14978,M,298.8,308.6,1707,28.1,103,cpu0,6,7,3129
L47933,L,296.8,308.0,1536,40.4,217,cpu0,4,16,3145
M16856,M,298.4,308.0,1416,38.2,198,cpu4,7,12,3155
M20859,M,300.4,310.2,1671,30.5,234,cpu4,0,8,3166
L56264,L,297.2,307.9,1326,75.4,172,cpu2,7,6,3181
L49941,L,299.8,309.3,1299,65.1,212,cpu3,9,9,3189
M15586,M,297.4,308.8,1628,37.4,144,cpu0,7,15,3202
H29812,H,297.4,308.3,1502,43.6,169,cpu0,2,1,3214
H30062,H,297.7,309.3,1400,48.9,147,cpu0,9,8,3223
L53258,L,300.8,310.7,1339,59.1,203,cpu3,4,24,3240
L48341,L,297.0,307.8,1316,61.2,200,cpu3,0,12,3249
L47506,L,297.7,308.5,1501,41.4,201,cpu0,8,5,3250
L47938,L,296.8,308.0,1497,41.7,231,cpu0,8,23,3267
L56355,L,297.8,309.0,1403,64.2,0,cpu2,0,22,3275
L55789,L,297.4,308.3,1475,40.5,222,cpu4,8,19,3280
M14957,M,298.9,308.9,1750,29.9,50,cpu0,1,7,3288
M15742,M,295.7,306.2,1739,25.9,94,cpu0,7,24,3302
L47225,L,298.8,309.1,1489,49.1,128,cpu0,4,23,3303
L52733,L,302.5,311.9,1306,59.7,172,cpu5,3,20,3316
M14906,M,298.7,309.0,1843,25.8,130,cpu0,5,5,3320
L47589,L,297.4,308.6,1459,41.3,196,cpu0,5,5,3326
L47314,L,298.8,308.4,1369,53.0,138,cpu0,6,2,3336
L49512,L,299.2,308.5,1378,50.4,220,cpu3,9,6,3346
L47918,L,296.8,308.3,1506,45.9,182,cpu0,4,17,3351
L48109,L,295.6,306.0,1419,51.1,7,cpu0,4,3,3369
L47497,L,297.8,308.4,1685,28.4,179,cpu0,4,8,3385
L47345,L,298.5,308.4,1733,26.0,8,cpu0,2,25,3403
M15660,M,297.0,307.9,1882,24.2,97,cpu0,7,9,3416
L48021,L,296.6,307.5,1439,45.5,199,cpu0,5,20,3421
L47371,L,298.2,308.4,1666,34.6,74,cpu0,0,5,3426
M15702,M,296.6,307.5,1566,35.0,201,cpu0,6,25,3438
L47433,L,298.0,308.2,1357,48.2,7,cpu0,5,7,3443
L47286,L,298.8,308.7,1445,48.5,70,cpu0,7,3,3446
L47404,L,298.3,308.6,1584,29.3,162,cpu0,0,4,3457
L47817,L,298.2,309.7,1585,37.4,118,cpu0,4,23,3469
M19113,M,302.6,311.0,1329,48.6,111,cpu1,4,4,3475
L47212,L,299.0,309.4,1419,48.3,91,cpu0,9,15,3484
H29998,H,297.6,309.6,1419,48.2,215,cpu0,4,7,3500
L47955,L,296.7,307.8,1453,46.0,33,cpu0,5,23,3512
M15619,M,296.7,307.8,1537,36.3,233,cpu0,4,6,3521
L47574,L,297.5,308.4,1528,39.9,160,cpu0,3,1,3536
L54716,L,300.1,311.3,2579,12.5,64,cpu2,2,4,3548
L48183,L,296.2,307.1,1444,46.7,194,cpu0,3,19,3549
L50875,L,302.2,311.3,1530,37.3,207,cpu4,7,7,3551
H33979,H,302.7,310.8,1275,55.0,25,cpu1,8,3,3565
L47832,L,297.7,309.2,1391,44.5,159,cpu0,6,24,3582
M19309,M,302.4,310.3,1378,54.3,165,cpu1,4,5,3586
L47654,L,297.4,309.1,1478,49.8,150,cpu0,3,23,3593
M15805,M,295.7,306.3,1347,50.4,46,cpu0,3,10,3602
H30083,H,297.5,308.9,1471,37.7,197,cpu0,5,25,3605
L47414,L,298.2,308.4,1478,42.9,183,cpu0,4,4,3621
L47925,L,296.7,308.0,1451,50.7,197,cpu0,8,10,3638
H29550,H,298.7,308.5,1420,45.7,143,cpu0,0,10,3656
M16081,M,297.0,308.3,1399,46.4,132,cpu5,3,10,3671
L47648,L,297.3,308.7,1619,31.6,129,cpu0,8,22,3684
L47299,L,298.7,308.5,1467,40.7,106,cpu0,4,15,3687
L47783,L,297.9,309.8,1336,71.6,31,cpu2,9,3,3690
L47743,L,297.7,309.6,1529,35.2,153,cpu0,8,19,3708
M15404,M,297.5,309.4,1831,26.6,105,cpu0,6,14,3716
M15718,M,296.2,307.0,1516,37.6,25,cpu0,4,4,3718
L47807,L,298.4,310.1,1455,42.2,94,cpu0,9,4,3729
M18096,M,300.8,309.4,1342,62.4,113,cpu1,7,11,3738
L48186,L,296.2,307.1,1413,53.4,203,cpu0,1,20,3744
L48106,L,295.6,306.1,1372,55.6,215,cpu3,8,11,3761
L47923,L,296.8,308.2,1361,53.8,193,cpu0,0,4,3778
L48164,L,296.3,307.1,1419,48.6,142,cpu0,6,20,3786
L55870,L,297.1,308.5,1323,44.4,207,cpu4,0,13,3804
M15778,M,295.3,305.7,1473,38.5,189,cpu0,9,24,3811
M18981,M,302.1,310.7,1364,47.8,213,cpu1,9,10,3827
L47713,L,297.5,309.3,1675,29.8,72,cpu0,3,7,3836
M15540,M,297.8,309.1,1432,42.6,17,cpu0,5,12,3842
L47302,L,299.0,308.8,1310,50.7,112,cpu0,3,2,3852
H30537,H,296.6,307.7,1386,62.3,100,cpu2,2,17,3854
M15012,M,298.4,308.2,1584,41.0,191,cpu0,4,10,3861
M15872,M,296.1,307.1,1433,38.5,14,cpu0,0,2,3863
L47927,L,296.8,308.1,1356,48.3,201,cpu0,1,18,3873
H29742,H,297.6,308.4,1703,31.4,205,cpu0,1,17,3875
L51911,L,303.3,311.6,1301,45.1,219,cpu1,3,5,3881
L47429,L,298.0,308.3,1405,56.2,218,cpu3,9,11,3883
M19580,M,303.4,311.7,1353,44.1,192,cpu1,5,11,3901
H29424,H,298.4,308.9,1782,23.9,24,cpu0,5,17,3916
L48012,L,296.6,307.4,1521,38.6,173,cpu0,8,14,3928
H35754,H,300.5,309.9,1397,45.9,210,cpu4,6,15,3932
L48148,L,295.9,306.7,1547,40.9,107,cpu0,5,18,3943
H34462,H,304.0,313.2,1271,68.6,161,cpu2,8,2,3947
L48143,L,295.8,306.6,1621,31.6,95,cpu0,0,3,3960
L47950,L,296.8,308.0,1391,54.4,17,cpu0,3,21,3961
L47363,L,298.1,308.2,1485,40.7,57,cpu0,5,15,3963
L47435,L,298.0,308.2,1489,40.4,11,cpu0,6,25,3979
L48198,L,296.3,307.2,1291,58.6,29,cpu0,7,14,3982
L47585,L,297.3,308.5,1350,57.6,186,cpu0,5,8,3989
L47310,L,298.8,308.4,1473,41.1,128,cpu0,8,18,3995
M14876,M,298.6,309.2,1311,46.6,44,cpu0,9,13,3996
L48165,L,296.4,307.2,1748,25.3,144,cpu0,9,21,4000
L47799,L,298.3,310.0,1507,44.7,73,cpu0,0,21,4009
M14995,M,298.8,308.5,1711,28.5,140,cpu0,9,20,4011
M15004,M,298.6,308.4,1391,42.4,169,cpu0,2,3,4017
M15532,M,297.6,308.9,1433,43.2,206,cpu0,4,5,4026
L47803,L,298.4,310.1,1926,23.7,83,cpu0,3,22,4039
L49739,L,299.3,309.0,1447,50.4,140,cpu5,1,2,4042
L49013,L,297.8,307.3,1327,61.0,186,cpu3,9,20,4055
L48139,L,295.8,306.5,1505,35.2,86,cpu0,6,3,4065
L47647,L,297.2,308.5,2182,16.5,127,cpu0,7,15,4082
M15413,M,297.4,309.3,1564,36.0,126,cpu0,5,9,4084
M15656,M,296.9,307.9,2010,18.9,86,cpu0,3,19,4085
L47936,L,296.8,308.0,1584,40.4,227,cpu0,3,11,4092
M15287,M,297.5,308.5,1496,42.2,22,cpu0,3,2,4105
L47231,L,298.9,309.1,1383,54.9,145,cpu0,7,20,4122
M17026,M,299.6,309.2,1867,23.4,225,cpu4,7,22,4140
M15349,M,297.5,309.2,1347,55.8,188,cpu0,0,13,4153
L51563,L,301.7,309.5,1298,65.5,229,cpu1,2,13,4157
L47603,L,297.3,308.3,1484,43.9,13,cpu0,8,6,4173
L48152,L,295.8,306.6,1644,35.2,115,cpu0,0,24,4186
L51939,L,303.5,311.6,1361,46.5,62,cpu1,8,15,4202
M15226,M,297.6,308.5,1552,40.9,90,cpu0,0,24,4206
L48763,L,298.2,308.4,1310,61.0,189,cpu3,1,25,4221
H29870,H,297.3,308.7,1478,47.6,98,cpu0,7,11,4238
M15477,M,298.1,310.0,1393,43.1,65,cpu0,2,9,4244
M19525,M,303.4,311.4,1307,54.0,44,cpu1,4,1,4249
L48023,L,296.6,307.5,1485,42.7,204,cpu0,7,16,4256
L51928,L,303.2,311.2,1363,46.7,29,cpu1,6,7,4264
L51823,L,303.2,311.4,1324,54.2,228,cpu1,0,14,4266
H29783,H,297.5,308.4,1587,36.1,98,cpu0,7,20,4267
H30339,H,295.6,306.1,1623,30.9,210,cpu0,1,13,4272
M15074,M,298.3,308.6,1589,37.1,137,cpu0,7,21,4289
L47355,L,298.2,308.1,1382,43.5,37,cpu0,1,10,4302
L53853,L,301.6,310.7,1380,51.8,216,cpu3,1,2,4306
L47638,L,297.3,308.6,1486,42.6,105,cpu0,7,3,4320
M18795,M,302.6,311.6,1227,68.2,187,cpu3,0,14,4332
M15155,M,298.1,308.6,1716,30.7,119,cpu0,2,4,4339
L52819,L,302.6,312.1,1668,28.7,180,cpu5,0,24,4341
L47406,L,298.3,308.4,1329,49.2,166,cpu0,9,17,4348
L47711,L,297.6,309.5,1549,34.9,68,cpu0,2,19,4349
L47205,L,299.0,309.5,1861,23.3,73,cpu0,4,1,4355
L51310,L,301.9,310.4,1286,62.8,22,cpu1,8,6,4367
L47725,L,297.6,309.4,1958,22.1,108,cpu0,9,7,4370
L48061,L,295.7,306.2,1464,46.2,92,cpu0,2,14,4379
M15794,M,295.5,306.0,1326,50.8,18,cpu0,4,1,4389
M15569,M,297.6,308.8,1357,49.7,104,cpu0,4,16,4394
M15439,M,297.8,309.7,1700,31.3,200,cpu0,7,11,4396
L51642,L,302.7,310.5,1263,67.8,197,cpu1,0,9,4397
L47427,L,298.0,308.2,1469,45.5,214,cpu0,6,6,4402
M17286,M,298.9,308.2,1372,63.6,30,cpu2,9,4,4417
M19461,M,303.0,311.1,1372,54.3,117,cpu1,8,12,4435
L47348,L,298.4,308.3,1433,62.3,20,cpu2,2,13,4449
M15520,M,297.7,309.2,1700,27.4,176,cpu0,6,10,4456
L48007,L,296.5,307.3,1501,42.1,162,cpu0,1,21,4459
L47409,L,298.3,308.5,1538,32.2,173,cpu0,5,15,4469
H29682,H,297.9,308.0,1800,24.8,44,cpu0,3,24,4485
L47467,L,298.2,308.3,1805,31.6,96,cpu0,9,21,4495
L48097,L,295.3,305.7,1475,51.0,187,cpu0,3,3,4512
L48482,L,298.6,309.8,1505,45.7,144,cpu5,9,23,4515
L47616,L,297.3,308.3,1504,36.3,45,cpu0,6,16,4527
M15467,M,298.0,309.9,1565,33.9,40,cpu0,5,4,4528
L47949,L,296.9,308.0,1343,44.5,15,cpu0,5,6,4541
L47835,L,297.7,309.1,1435,38.8,165,cpu0,1,23,4559
L47410,L,298.3,308.6,1570,34.8,175,cpu0,9,24,4577
L47944,L,296.8,307.9,1337,56.5,5,cpu0,5,3,4592
L47527,L,297.5,308.3,1544,40.8,37,cpu0,9,12,4596
M15399,M,297.4,309.3,1775,25.8,91,cpu0,8,5,4614
L48180,L,296.3,307.1,1654,29.6,188,cpu0,2,2,4627
L47561,L,297.5,308.5,1546,40.4,129,cpu0,6,1,4644
L51903,L,303.4,311.8,1366,50.9,200,cpu1,4,17,4645
L48024,L,296.5,307.5,1566,35.1,206,cpu0,6,5,4658
L56756,L,299.6,310.7,1922,23.3,205,cpu4,8,1,4660
L48199,L,296.3,307.3,1398,52.7,31,cpu0,0,25,4672
H30013,H,297.7,309.7,1616,31.1,20,cpu0,9,13,4682
L47853,L,297.6,308.9,1449,47.7,209,cpu0,2,12,4690
L51565,L,301.8,309.7,1442,45.3,233,cpu4,1,24,4698
L47437,L,298.0,308.0,1615,29.5,15,cpu0,2,15,4711
M15154,M,298.1,308.5,1372,51.1,116,cpu0,5,1,4719
L47658,L,297.4,309.0,1833,22.6,161,cpu0,3,24,4730
H30208,H,296.9,307.9,1547,32.6,79,cpu0,6,12,4734
L51297,L,301.9,310.5,1340,55.7,204,cpu3,9,16,4742
L54140,L,300.7,311.0,1413,52.0,91,cpu5,2,19,4755
H30370,H,295.6,306.2,1632,32.2,76,cpu0,0,9,4764
M21538,M,301.5,310.7,1336,65.6,0,cpu2,5,19,4773
L48064,L,295.8,306.4,1356,48.0,99,cpu0,5,6,4790
L48008,L,296.5,307.3,1566,37.2,164,cpu0,2,25,4799
L47793,L,298.1,309.9,1634,30.0,53,cpu0,2,3,4817
L47181,L,298.2,308.7,1408,46.3,3,cpu0,7,4,4825
M15377,M,297.5,309.4,1391,58.2,34,cpu0,4,6,4830
M15268,M,297.4,308.6,1434,44.4,193,cpu0,5,11,4836
L47459,L,298.0,308.1,1819,23.4,78,cpu0,0,21,4851
M15345,M,297.4,309.0,1685,30.7,177,cpu0,5,22,4861
L47234,L,298.7,309.0,1691,30.1,154,cpu0,7,3,4864
L51909,L,303.4,311.8,1306,61.0,215,cpu1,8,20,4867
L47998,L,296.8,307.6,1304,48.7,142,cpu0,4,5,4871
H30141,H,297.3,308.6,1499,37.6,147,cpu0,7,14,4886
L47496,L,297.8,308.4,1714,33.2,177,cpu0,2,22,4901
L48112,L,295.6,306.0,1363,50.0,14,cpu0,6,4,4905
L47384,L,298.4,308.5,1741,32.8,112,cpu0,0,4,4906
M18666,M,302.3,310.9,1360,44.0,67,cpu1,9,20,4914
L47393,L,298.4,308.7,1386,44.9,135,cpu0,6,2,4918
L47381,L,298.3,308.5,1575,41.2,105,cpu0,8,14,4928
L47941,L,296.7,307.8,1646,34.6,238,cpu0,0,8,4941
L47716,L,297.4,309.3,1759,24.8,81,cpu0,5,15,4950
L48347,L,297.0,308.1,1362,52.5,213,cpu3,5,13,4955
L47700,L,297.6,309.5,1617,36.2,42,cpu0,6,18,4962
M21478,M,301.6,310.6,1309,65.8,75,cpu2,2,2,4977
M15294,M,297.5,308.5,1484,44.7,40,cpu0,4,10,4987
L47359,L,298.2,308.3,1304,49.8,45,cpu0,8,12,4989
M22451,M,300.5,311.1,1296,61.3,202,cpu3,5,20,4997
L52580,L,302.7,312.4,1477,46.3,251,cpu3,7,16,5007
L47742,L,297.6,309.5,1574,30.9,151,cpu0,9,1,5023
M15804,M,295.7,306.3,1712,28.5,43,cpu0,8,12,5035
M15417,M,297.5,309.4,1433,48.3,139,cpu0,6,7,5037
L47379,L,298.4,308.6,1433,47.1,101,cpu0,5,5,5049
M15474,M,298.0,309.9,1445,45.2,55,cpu0,0,7,5050
L57010,L,298.3,309.3,1337,56.1,206,cpu3,3,18,5066
L47695,L,297.5,309.2,1715,28.0,30,cpu0,5,15,5079
L47183,L,298.2,308.6,1433,39.5,7,cpu0,5,15,5089
H29552,H,298.8,308.6,1449,49.4,150,cpu0,4,15,5107
M15390,M,297.6,309.5,1709,32.2,65,cpu0,4,10,5118
L47370,L,298.2,308.4,1477,49.9,72,cpu0,1,23,5133
M15194,M,297.5,308.1,1469,44.8,5,cpu0,0,20,5143
L47791,L,298.1,310.0,1553,40.9,49,cpu0,9,5,5152
L47792,L,298.1,309.9,1563,32.8,51,cpu0,8,15,5165
M17925,M,300.1,309.2,1687,27.7,95,cpu5,3,3,5180
L47704,L,297.4,309.4,1620,35.4,51,cpu0,7,23,5193
L47418,L,297.9,308.1,1393,50.3,193,cpu0,4,21,5196
M15591,M,297.3,308.6,1431,53.0,160,cpu0,3,6,5202
M15614,M,296.9,308.1,1483,44.3,219,cpu0,2,10,5217
L47757,L,297.7,309.7,1591,37.7,196,cpu0,4,22,5233
L47383,L,298.4,308.5,1490,37.9,110,cpu0,0,13,5242
L53436,L,301.0,310.6,1493,37.8,206,cpu4,0,18,5255
L47620,L,297.4,308.5,1389,39.2,54,cpu0,6,16,5258
M15011,M,298.4,308.2,1463,37.6,188,cpu0,6,20,5263
M22286,M,300.0,311.4,1692,29.0,216,cpu4,4,25,5264
L51487,L,301.4,309.9,1259,63.9,20,cpu1,1,4,5272
L47845,L,297.5,308.9,1729,28.1,189,cpu0,8,14,5273
L47851,L,297.5,308.9,1554,34.8,204,cpu0,4,24,5274
M14948,M,299.0,309.0,1419,45.2,27,cpu0,9,24,5277
L54191,L,300.5,310.5,2633,12.2,17,cpu2,1,22,5282
L47988,L,296.9,307.7,1424,43.3,120,cpu0,0,24,5287
L52241,L,304.0,312.9,1363,62.5,200,cpu3,0,15,5303
L47993,L,296.8,307.6,1513,40.0,130,cpu0,3,22,5317
L47559,L,297.3,308.2,1754,26.8,125,cpu0,6,14,5320
M14972,M,298.8,308.7,1498,39.5,89,cpu0,9,2,5335
M15024,M,298.5,308.3,1440,43.6,5,cpu0,6,18,5341
L47330,L,298.4,308.3,1422,42.7,186,cpu0,3,12,5354
M15482,M,298.4,310.2,1725,32.0,80,cpu0,7,24,5368
L47970,L,296.8,307.9,1420,45.4,70,cpu0,6,12,5379
L48085,L,295.6,306.1,1474,41.2,156,cpu0,0,20,5388
L52011,L,303.5,312.0,1366,54.5,30,cpu1,2,4,5405
L47901,L,297.5,308.9,1696,30.9,133,cpu0,5,22,5407
L47782,L,297.9,309.8,2000,21.3,29,cpu0,3,22,5409
L51675,L,302.6,310.4,1359,57.2,67,cpu1,1,2,5418
L47407,L,298.3,308.5,1539,36.1,168,cpu0,0,7,5427
M18884,M,302.1,311.0,1351,60.3,207,cpu3,0,2,5441
L48515,L,299.0,310.4,1371,53.8,228,cpu3,8,6,5456
H29606,H,298.2,308.4,1398,51.8,76,cpu0,0,10,5461
M20475,M,303.0,312.2,1257,71.3,122,cpu2,4,4,5470
M14894,M,298.8,309.1,1559,34.7,95,cpu0,9,10,5488
L47579,L,297.4,308.4,1392,49.7,174,cpu0,2,13,5493
H29997,H,297.7,309.6,1697,32.2,210,cpu0,1,3,5501
L48157,L,296.0,306.7,1917,21.0,127,cpu0,6,1,5509
L51759,L,303.0,311.2,1374,48.2,65,cpu1,0,9,5526
M15249,M,297.6,308.7,1408,54.8,147,cpu0,2,24,5535
L51621,L,302.5,310.2,1329,50.6,148,cpu1,0,3,5545
L48049,L,295.8,306.5,1358,49.2,63,cpu0,8,15,5562
M15737,M,295.6,306.2,1584,33.6,81,cpu0,2,2,5568
H29432,H,298.8,309.2,1306,54.5,50,cpu0,2,4,5580
H30248,H,296.6,307.4,1333,50.2,177,cpu0,4,1,5595
L47846,L,297.5,309.0,1470,43.5,191,cpu0,4,17,5613
L47341,L,298.3,308.1,1412,52.3,218,cpu3,3,10,5629
M15568,M,297.6,308.8,1416,45.9,101,cpu0,9,5,5644
L49624,L,299.2,308.6,1267,68.2,76,cpu2,6,19,5660
L48161,L,296.2,306.8,1655,31.1,136,cpu0,3,25,5664
L50446,L,301.3,310.1,1269,56.8,195,cpu3,2,13,5680
M15293,M,297.6,308.5,1848,23.7,37,cpu0,6,9,5686
M15721,M,296.1,306.9,1951,23.3,38,cpu0,4,22,5696
H29684,H,298.0,308.0,1520,39.6,51,cpu0,5,25,5706
L47263,L,299.0,309.0,1469,40.1,13,cpu0,3,4,5709
M15873,M,296.1,307.2,1619,29.7,17,cpu0,6,14,5727
L51261,L,302.0,310.4,1336,58.2,110,cpu1,5,18,5742
M15292,M,297.6,308.5,1466,39.7,34,cpu0,7,7,5757
M20169,M,303.9,313.2,1422,48.0,215,cpu4,7,5,5774
H29764,H,297.6,308.3,1400,44.3,43,cpu0,4,20,5782
L49479,L,299.4,308.7,1446,62.9,134,cpu2,3,24,5783
L47464,L,298.2,308.3,2051,19.2,90,cpu0,0,17,5798
L47308,L,299.0,308.6,1587,38.6,124,cpu0,3,14,5809
M15192,M,297.6,308.3,1538,40.2,0,cpu0,1,6,5812
H30104,H,297.6,309.0,1413,40.2,51,cpu0,3,7,5816
L47628,L,297.5,308.6,1552,44.9,77,cpu0,2,6,5820
M15236,M,297.4,308.2,1401,51.9,117,cpu0,4,12,5834
L47403,L,298.4,308.6,1569,34.4,160,cpu0,8,12,5847
M15835,M,296.0,306.6,1628,36.8,121,cpu0,6,13,5848
L47551,L,297.5,308.4,1604,38.1,106,cpu0,6,21,5850
L47280,L,298.8,308.9,1852,25.0,57,cpu0,6,25,5867
L48006,L,296.5,307.2,1481,38.2,160,cpu0,6,4,5871
L47597,L,297.4,308.4,1394,50.1,213,cpu0,6,22,5882
M15218,M,297.6,308.3,1467,36.7,68,cpu0,1,15,5900
H30263,H,296.4,307.4,1586,35.5,0,cpu0,6,16,5906
L47248,L,298.8,308.9,1527,32.4,189,cpu0,5,15,5921
M15648,M,296.9,308.1,1440,46.3,64,cpu0,7,17,5927
L48053,L,295.9,306.4,1892,21.7,72,cpu0,1,12,5930
M15199,M,297.5,308.2,1713,32.2,17,cpu0,7,8,5939
L47703,L,297.4,309.4,1401,45.9,49,cpu0,5,2,5949
L52016,L,303.3,311.8,1315,62.0,42,cpu1,0,22,5956
L47646,L,297.2,308.5,1550,41.5,125,cpu0,4,20,5969
M15712,M,296.3,307.3,1368,49.5,10,cpu0,8,17,5973
M15502,M,297.8,309.4,1226,58.7,129,cpu0,0,4,5984
L51724,L,302.5,310.4,1349,55.1,187,cpu1,3,22,5995
L47622,L,297.4,308.5,1399,61.5,61,cpu2,8,4,6010
L47465,L,298.2,308.3,1568,36.0,92,cpu0,2,13,6014
L51405,L,302.1,310.7,1359,49.3,41,cpu1,9,19,6028
L47633,L,297.4,308.7,1510,36.2,92,cpu0,2,16,6045
L48119,L,295.5,306.1,1488,40.7,31,cpu0,2,14,6048
L47571,L,297.6,308.6,1491,38.1,152,cpu0,0,9,6061
M19251,M,302.2,310.1,1368,51.6,12,cpu1,5,17,6072
L51649,L,302.7,310.5,1446,40.9,211,cpu4,3,7,6088
L47325,L,298.5,308.4,1513,33.6,172,cpu0,3,6,6094
H30058,H,297.7,309.4,1608,30.2,135,cpu0,5,21,6106
L47203,L,299.0,309.4,1758,25.7,68,cpu0,8,9,6119
L47721,L,297.4,309.4,1296,52.3,96,cpu0,9,10,6136
M15545,M,297.7,309.0,1636,29.7,32,cpu0,4,19,6146
M15847,M,296.3,307.1,1534,33.8,151,cpu0,4,2,6152
H29557,H,298.6,308.4,1407,50.5,164,cpu0,4,16,6166
M15465,M,297.9,309.8,1693,29.9,35,cpu0,0,22,6177
M15695,M,296.7,307.4,1533,32.5,182,cpu0,3,6,6189
L47529,L,297.6,308.3,1595,34.3,41,cpu0,0,3,6192
L53204,L,300.7,310.9,1356,65.3,66,cpu2,1,16,6205
L48203,L,296.2,307.3,1881,24.3,40,cpu0,9,12,6212
L47289,L,298.9,308.7,1572,34.1,80,cpu0,4,24,6225
L47584,L,297.3,308.6,1297,45.9,184,cpu0,8,18,6236
M15500,M,297.9,309.6,1515,38.8,124,cpu0,2,20,6249
L49305,L,299.3,308.9,1258,69.4,119,cpu2,5,15,6258
L53435,L,301.0,310.5,1379,57.3,204,cpu3,5,12,6276
H30038,H,298.3,310.1,1509,37.6,85,cpu0,1,18,6289
L47989,L,296.9,307.6,1452,45.7,122,cpu0,0,14,6306
L48141,L,295.8,306.5,1493,40.5,90,cpu0,8,15,6320
L47987,L,297.0,307.7,1867,22.8,118,cpu0,2,7,6323
L47838,L,297.7,309.1,1562,36.8,172,cpu0,7,15,6330
L47895,L,297.4,308.6,1324,59.1,118,cpu0,7,4,6346
L47831,L,297.6,309.1,1503,38.9,157,cpu0,4,2,6349
L50967,L,302.3,310.8,1377,47.3,22,cpu1,7,16,6359
L47553,L,297.4,308.3,1412,42.0,111,cpu0,5,14,6370
L47405,L,298.3,308.5,1362,53.8,164,cpu0,0,9,6380
L47281,L,298.8,308.8,1991,20.7,59,cpu0,3,10,6395
L48010,L,296.6,307.4,1631,35.0,168,cpu0,1,22,6408
L51841,L,303.3,311.3,1350,48.1,32,cpu1,8,19,6423
M15748,M,295.6,306.1,1651,28.1,110,cpu0,1,25,6439
H29610,H,298.3,308.6,1432,49.5,91,cpu0,8,25,6446
H29481,H,298.8,308.9,1466,44.1,184,cpu0,9,25,6456
L51476,L,301.8,310.2,2825,5.8,215,cpu2,9,3,6460
L47256,L,298.8,308.9,1461,47.9,206,cpu0,9,13,6462
L47507,L,297.7,308.5,1373,56.7,203,cpu3,6,19,6478
M23442,M,297.5,308.1,1334,72.0,151,cpu2,3,14,6484
M21659,M,301.1,310.7,2636,12.2,100,cpu2,2,4,6501
L47375,L,298.3,308.5,1453,42.9,89,cpu0,1,17,6504
M15755,M,295.6,306.2,1435,51.6,126,cpu0,8,15,6508
M19269,M,302.4,310.1,1358,54.6,61,cpu1,8,6,6520
L47329,L,298.4,308.3,1473,39.9,184,cpu0,7,1,6527
M22709,M,300.3,311.7,1374,47.9,222,cpu4,5,3,6533
L48943,L,298.2,307.6,1511,31.0,209,cpu4,4,24,6541
M15556,M,297.6,309.0,1815,25.3,66,cpu0,6,22,6552
L47309,L,298.9,308.5,1559,34.3,126,cpu0,6,2,6554
L47554,L,297.4,308.3,1431,43.0,113,cpu0,5,20,6572
M19587,M,303.4,311.8,1341,47.0,210,cpu1,8,4,6590
L47967,L,296.9,308.1,1435,45.3,62,cpu0,4,23,6597
L47535,L,297.6,308.3,1623,36.9,61,cpu0,4,3,6598
L47428,L,298.0,308.3,1362,56.8,216,cpu3,6,20,6613
L47811,L,298.4,310.0,1554,37.3,103,cpu0,6,18,6620
L47580,L,297.4,308.5,2100,16.9,176,cpu0,8,11,6621
L55788,L,297.4,308.4,1369,50.6,220,cpu3,2,9,6631
M15851,M,296.1,307.0,1523,42.0,164,cpu0,4,20,6641
L47356,L,298.2,308.1,1618,34.7,39,cpu0,1,23,6652
L51359,L,302.4,310.9,1349,46.1,148,cpu1,5,23,6653
L48179,L,296.3,307.1,1560,33.2,186,cpu0,1,9,6654
M15666,M,297.0,307.9,1422,53.0,115,cpu0,6,8,6667
M15683,M,296.6,307.5,1482,39.9,153,cpu0,7,9,6681
H30102,H,297.6,309.0,1735,26.4,41,cpu0,3,1,6691
L47899,L,297.4,308.8,1447,58.1,129,cpu0,1,14,6695
H30032,H,298.2,310.0,1433,44.2,68,cpu0,0,6,6712
M15790,M,295.5,305.9,1453,47.3,9,cpu0,0,2,6722
L47617,L,297.3,308.3,1538,38.5,47,cpu0,5,4,6727
L48150,L,295.8,306.5,1568,35.1,111,cpu0,4,2,6741
H29716,H,297.8,308.4,1512,35.1,138,cpu0,9,24,6743
L47698,L,297.6,309.5,1924,20.6,37,cpu0,8,8,6758
L47271,L,298.9,308.9,1830,24.9,35,cpu0,6,17,6767
L47301,L,298.9,308.7,1558,41.2,110,cpu0,6,6,6772
M15253,M,297.5,308.4,1350,52.2,157,cpu0,1,13,6788
M15032,M,298.1,308.0,1924,20.8,29,cpu0,9,1,6802
H30030,H,298.1,309.9,1686,29.1,60,cpu0,0,18,6819
H29607,H,298.2,308.4,1678,34.6,81,cpu0,5,15,6832
L47878,L,297.6,308.8,1539,40.2,72,cpu0,2,8,6840
M19478,M,303.0,311.3,1335,53.6,164,cpu1,9,12,6848
L50864,L,302.0,311.2,1270,65.3,182,cpu3,7,7,6854
M15547,M,297.7,309.0,1531,42.4,38,cpu0,3,9,6862
H30130,H,297.4,308.6,1420,45.8,120,cpu0,5,10,6880
L47753,L,297.9,309.9,1472,45.0,183,cpu0,8,10,6896
L47972,L,296.8,307.8,1373,42.9,74,cpu0,2,3,6908
L55372,L,299.6,310.9,1229,65.2,209,cpu3,9,11,6925
L47543,L,297.6,308.3,1438,47.8,84,cpu0,8,14,6926
L47576,L,297.4,308.3,1490,42.6,164,cpu0,5,4,6936
M15095,M,298.1,308.3,1680,33.7,185,cpu0,9,17,6939
M18674,M,302.1,310.6,1326,59.1,88,cpu1,7,13,6950
L48066,L,295.7,306.2,1458,40.6,103,cpu0,4,13,6962
M14945,M,299.0,309.0,1804,26.8,17,cpu0,8,4,6978
M15281,M,297.3,308.3,1657,31.1,8,cpu0,6,7,6996
M20254,M,302.8,312.3,1262,70.5,234,cpu2,8,6,7013
M15333,M,297.4,309.0,1520,37.0,147,cpu0,0,3,7031
M19387,M,302.4,310.5,1372,45.7,144,cpu1,2,24,7032
M15088,M,298.3,308.5,1629,37.1,170,cpu0,8,15,7045
L47786,L,297.9,309.8,1461,50.5,38,cpu0,6,2,7049
L48181,L,296.3,307.1,1662,32.9,190,cpu0,8,19,7052
L53339,L,301.0,311.0,1399,58.0,190,cpu3,9,5,7064
L47662,L,297.3,309.0,1548,37.4,171,cpu0,1,8,7072
L56938,L,298.6,309.8,2271,16.2,218,cpu4,0,19,7084
L47827,L,297.7,309.3,1559,36.9,145,cpu0,3,23,7100
L48000,L,296.7,307.6,1516,37.4,146,cpu0,1,18,7113
L47208,L,299.1,309.4,1439,44.2,82,cpu0,1,2,7120
L54112,L,300.8,311.4,1322,67.2,18,cpu2,2,6,7133
H30162,H,296.7,308.1,1528,46.3,203,cpu0,0,12,7140
L47971,L,296.8,307.9,1611,35.4,72,cpu0,8,4,7155
L47452,L,298.1,308.1,1484,40.4,59,cpu0,7,3,7156
L47946,L,296.8,308.0,1561,38.3,9,cpu0,0,16,7168
L50549,L,301.5,310.9,2760,8.0,15,cpu2,0,2,7186
M15776,M,295.3,305.8,1589,36.2,184,cpu0,0,20,7202
L52668,L,302.7,312.2,1450,52.1,213,cpu3,8,8,7215
M15871,M,296.2,307.3,1451,42.8,11,cpu0,1,13,7232
L47358,L,298.2,308.2,1436,50.2,43,cpu0,4,14,7241
L47518,L,297.5,308.2,1563,38.2,15,cpu0,7,10,7243
M15325,M,297.3,308.6,1456,42.9,122,cpu0,3,13,7258
L53705,L,301.1,310.4,1312,73.6,49,cpu2,3,19,7267
M19622,M,303.7,312.0,2663,11.4,71,cpu2,9,19,7268
L48093,L,295.5,306.0,1621,29.5,176,cpu0,7,17,7273
L47673,L,297.5,309.3,1470,38.8,197,cpu0,2,15,7284
L47419,L,298.0,308.2,1611,30.6,195,cpu0,4,21,7297
L52321,L,304.4,313.7,1509,35.0,205,cpu4,0,17,7301
L51434,L,302.6,311.0,1284,68.0,114,cpu2,3,2,7316
L47997,L,296.8,307.6,1368,52.0,140,cpu0,2,2,7326
M15171,M,298.0,308.6,1453,44.1,165,cpu0,5,20,7332
L47502,L,297.8,308.5,1448,40.0,192,cpu0,8,2,7334
L47904,L,297.5,308.9,1390,44.6,140,cpu0,6,12,7351
L51601,L,302.6,310.2,1325,62.4,92,cpu1,5,23,7369
L50709,L,301.9,310.9,1567,39.0,214,cpu4,8,22,7376
M15869,M,296.2,307.2,1385,44.0,5,cpu0,9,14,7378
L47466,L,298.2,308.3,1589,33.2,94,cpu0,4,7,7389
H34909,H,302.9,312.5,1357,55.0,12,cpu5,0,20,7404
H29569,H,298.4,308.2,1987,19.8,198,cpu0,9,19,7420
L47400,L,298.3,308.5,1416,52.7,151,cpu0,2,25,7427
L47305,L,298.9,308.6,1560,32.2,118,cpu0,8,13,7438
M15535,M,297.8,309.1,1424,45.5,2,cpu0,5,8,7444
L47537,L,297.6,308.4,1517,34.2,66,cpu0,6,9,7456
L51738,L,302.7,310.7,1369,47.5,11,cpu1,6,18,7466
L52689,L,302.8,312.2,1509,36.5,52,cpu5,4,7,7483
L47833,L,297.8,309.3,2015,20.1,161,cpu0,0,17,7495
H30186,H,296.8,308.0,1453,51.0,24,cpu0,8,15,7500
M15042,M,298.1,308.2,1342,48.1,54,cpu0,7,5,7506
M19492,M,302.9,311.2,1330,53.7,200,cpu1,1,9,7508
L47690,L,297.5,309.3,1564,37.5,20,cpu0,1,7,7510
L47981,L,296.9,307.8,1285,52.1,100,cpu0,2,24,7526
L48200,L,296.3,307.3,1372,57.7,33,cpu0,2,13,7537
L51586,L,302.5,310.3,1326,58.5,55,cpu1,6,8,7542
L48197,L,296.3,307.2,1637,31.6,27,cpu0,6,14,7550
M15167,M,297.8,308.4,1579,36.6,152,cpu0,9,16,7563
M15356,M,297.5,309.2,1530,40.0,206,cpu0,7,16,7573
H34175,H,303.7,311.9,1332,52.7,66,cpu1,3,23,7584
M15190,M,297.6,308.4,1398,41.9,215,cpu0,4,8,7585
M15285,M,297.3,308.4,1665,28.9,17,cpu0,9,9,7592
L47333,L,298.4,308.2,1850,27.0,194,cpu0,5,3,7599
L51950,L,303.5,311.9,1344,49.3,93,cpu1,4,15,7612
M15219,M,297.6,308.3,1567,34.6,71,cpu0,7,20,7613
L52651,L,302.7,312.3,1346,61.2,170,cpu5,4,3,7625
L47915,L,296.9,308.4,1557,32.4,173,cpu0,8,21,7633
L48988,L,298.1,307.7,2567,12.8,125,cpu2,8,2,7648
L47625,L,297.5,308.6,1793,26.7,70,cpu0,9,20,7652
H30400,H,296.4,307.1,1638,32.5,146,cpu0,3,7,7666
L47637,L,297.4,308.6,1276,53.6,103,cpu0,3,20,7682
L47219,L,298.8,309.1,1350,52.5,111,cpu0,0,14,7684
L47186,L,298.1,308.6,1558,42.4,14,cpu0,4,21,7688
L51690,L,302.4,310.2,1346,62.4,106,cpu1,6,16,7701
L47545,L,297.6,308.4,1353,57.5,88,cpu0,4,23,7707
L47317,L,298.7,308.6,1297,55.3,148,cpu0,2,12,7711
L47609,L,297.5,308.6,1208,62.3,28,cpu0,2,22,7727
L47731,L,297.4,309.2,1274,54.3,121,cpu0,7,13,7729
L47294,L,298.8,308.6,1680,29.4,95,cpu0,2,18,7742
L47421,L,298.0,308.1,1777,24.3,200,cpu0,2,12,7748
L52100,L,303.4,312.2,1337,69.4,52,cpu2,5,14,7753
L47367,L,298.2,308.4,1379,43.1,65,cpu0,8,23,7767
L54936,L,300.5,311.8,1368,57.9,191,cpu3,3,2,7782
M19152,M,301.8,310.1,2372,13.9,205,cpu2,0,8,7796
L48099,L,295.4,305.8,1407,50.7,192,cpu0,3,24,7812
L56196,L,297.3,308.2,1396,52.7,212,cpu3,6,10,7813
L47209,L,299.0,309.4,1693,30.1,84,cpu0,2,5,7821
H30185,H,296.8,308.0,1311,58.6,19,cpu0,4,22,7828
L47184,L,298.2,308.7,1408,40.0,9,cpu0,5,22,7841
L47235,L,298.8,309.1,1512,40.7,156,cpu0,2,24,7844
M15881,M,296.3,307.2,1454,42.5,35,cpu0,0,24,7857
L51597,L,302.6,310.4,1365,66.8,80,cpu2,3,10,7872
H32414,H,300.5,309.8,1324,72.8,159,cpu2,7,14,7888
L48050,L,295.8,306.4,1325,56.2,65,cpu0,7,9,7897
L47430,L,298.0,308.3,1662,32.7,0,cpu0,2,7,7912
M14877,M,298.7,309.2,1410,45.6,47,cpu0,4,15,7928
L47629,L,297.6,308.7,1622,37.9,79,cpu0,3,1,7946
L51108,L,302.6,311.5,1442,59.8,169,cpu2,3,12,7960
L47257,L,298.8,308.9,1455,41.3,208,cpu4,3,25,7963
L48144,L,295.7,306.5,1737,26.2,97,cpu0,0,13,7978
L47720,L,297.4,309.4,1473,45.5,94,cpu0,9,13,7979
L47463,L,298.2,308.2,1469,43.0,88,cpu0,9,7,7988
H30103,H,297.6,309.0,1354,55.6,46,cpu0,3,21,7990
L47834,L,297.8,309.2,1683,30.9,163,cpu0,1,2,8001
L48080,L,295.6,306.2,1569,35.1,140,cpu0,5,21,8003
H29434,H,298.9,309.3,1375,42.7,58,cpu0,5,10,8019
L48056,L,295.7,306.3,1915,22.4,79,cpu0,2,12,8020
L48571,L,298.9,310.2,2737,8.8,142,cpu2,6,17,8026
L51228,L,301.9,311.0,2691,12.1,31,cpu2,9,22,8040
L51550,L,302.0,309.9,1308,57.6,197,cpu1,8,23,8046
L47254,L,298.9,309.0,1601,32.3,202,cpu0,7,11,8055
L48090,L,295.5,306.0,1546,35.9,169,cpu0,0,23,8072
L47432,L,298.0,308.2,1620,35.8,5,cpu0,5,9,8082
L51508,L,301.6,310.1,1326,48.2,77,cpu1,6,12,8086
L48120,L,295.6,306.2,1443,48.9,33,cpu0,3,16,8102
H30197,H,296.7,307.9,1579,33.4,50,cpu0,8,12,8120
M14869,M,298.5,309.0,1741,28.0,21,cpu0,6,10,8125
M15622,M,296.7,307.8,1286,60.5,0,cpu0,9,22,8136
M15065,M,298.5,308.6,1344,53.0,114,cpu0,4,4,8141
M15562,M,297.7,308.9,1531,48.3,84,cpu0,5,5,8155
L53352,L,300.8,310.6,1577,37.9,227,cpu4,9,14,8156
L48111,L,295.5,305.9,1542,36.2,12,cpu0,1,13,8158
L47255,L,298.8,308.9,1379,46.7,204,cpu0,2,18,8176
M15204,M,297.5,308.2,2448,13.8,29,cpu0,2,15,8186
L47921,L,296.9,308.3,1513,38.8,189,cpu0,4,4,8190
L47602,L,297.3,308.3,1333,55.2,11,cpu0,5,2,8197
M14963,M,298.8,308.8,1441,40.5,63,cpu0,5,17,8203
L47780,L,297.8,309.7,1547,37.3,25,cpu0,3,21,8218
L47365,L,298.2,308.2,1446,38.2,61,cpu0,3,19,8235
L47544,L,297.6,308.4,1407,55.2,86,cpu0,6,1,8253
H29707,H,298.1,308.5,1392,44.8,111,cpu0,3,6,8267
L47261,L,298.9,308.9,1450,47.5,9,cpu0,1,4,8269
M16352,M,298.0,308.7,1479,58.5,176,cpu2,9,14,8278
L47692,L,297.5,309.2,1426,44.8,24,cpu0,3,8,8293
M15435,M,297.9,309.9,1410,55.4,188,cpu0,1,20,8311
L47586,L,297.4,308.6,1439,51.9,188,cpu0,6,19,8326
L48185,L,296.2,307.2,1382,52.0,201,cpu0,7,22,8333
M15640,M,296.9,308.0,1409,50.7,43,cpu0,5,24,8339
M14909,M,298.9,309.2,1412,44.1,140,cpu0,4,3,8357
L47525,L,297.5,308.3,1585,32.9,32,cpu0,4,13,8363
L56793,L,299.0,310.2,1377,62.5,92,cpu2,1,9,8375
L47642,L,297.4,308.7,1433,43.4,116,cpu0,1,20,8387
L47245,L,299.0,309.1,1394,45.1,179,cpu0,6,11,8401
L51276,L,301.9,310.4,1370,51.7,153,cpu1,9,16,8406
L47455,L,298.0,308.0,1401,54.7,65,cpu0,1,17,8424
M15407,M,297.5,309.4,1482,39.3,112,cpu0,7,24,8427
M15033,M,298.2,308.0,1591,33.7,32,cpu0,6,1,8436
L51776,L,303.0,311.2,1361,47.6,106,cpu1,9,23,8447
M19202,M,301.7,309.8,1284,68.2,111,cpu2,8,24,8457
L47926,L,296.8,308.1,1289,62.0,199,cpu3,7,8,8472
H29462,H,298.8,309.2,1425,53.9,135,cpu0,0,1,8473
L48342,L,296.9,307.8,1400,57.1,202,cpu3,8,6,8478
M15665,M,297.0,307.9,1412,47.4,112,cpu0,7,9,8490
M22857,M,301.0,312.2,2710,9.7,143,cpu2,4,15,8499
L48121,L,295.6,306.2,1650,28.2,35,cpu0,6,8,8509
L51801,L,303.0,311.2,1341,51.0,174,cpu1,7,20,8516
L47919,L,296.9,308.4,1390,41.8,184,cpu0,3,18,8528
L47195,L,298.6,309.2,1542,48.4,42,cpu0,0,9,8543
L48151,L,295.9,306.6,1557,41.1,113,cpu0,5,12,8544
M23706,M,297.4,308.8,1325,62.4,204,cpu4,2,12,8551
L47644,L,297.3,308.6,1511,35.7,120,cpu0,5,17,8566
L47672,L,297.5,309.3,1404,43.5,195,cpu0,5,13,8573
L47953,L,296.8,308.0,1510,39.4,29,cpu0,1,9,8577
M15706,M,296.4,307.4,1416,50.0,210,cpu0,6,4,8589
L48070,L,295.6,306.0,1370,52.4,115,cpu0,2,14,8607
L54170,L,300.7,311.1,2478,13.4,170,cpu2,6,3,8621
L49778,L,299.1,308.8,1320,67.5,20,cpu2,0,24,8626
M14865,M,298.1,308.6,1425,41.9,11,cpu0,8,18,8637
L51882,L,303.6,311.8,1222,66.8,148,cpu1,1,9,8638
H29466,H,298.8,309.0,1497,43.8,147,cpu0,4,8,8641
H30276,H,296.1,306.8,1645,31.0,41,cpu0,3,8,8645
M15312,M,297.4,308.6,1643,31.0,89,cpu0,9,5,8655
H30368,H,295.6,306.2,1414,42.5,69,cpu0,6,22,8666
M20194,M,303.4,312.6,2706,9.8,65,cpu2,9,16,8681
